{
  "IcoMoonType": "selection",
  "icons": [
    {
      "icon": {
        "paths": [
          "M959.884 128c0.040 0.034 0.082 0.076 0.116 0.116v767.77c-0.034 0.040-0.076 0.082-0.116 0.116h-895.77c-0.040-0.034-0.082-0.076-0.114-0.116v-767.772c0.034-0.040 0.076-0.082 0.114-0.114h895.77zM960 64h-896c-35.2 0-64 28.8-64 64v768c0 35.2 28.8 64 64 64h896c35.2 0 64-28.8 64-64v-768c0-35.2-28.8-64-64-64v0z",
          "M832 288c0 53.020-42.98 96-96 96s-96-42.98-96-96 42.98-96 96-96 96 42.98 96 96z",
          "M896 832h-768v-128l224-384 256 320h64l224-192z"
        ],
        "tags": [
          "image",
          "picture",
          "photo",
          "graphic"
        ],
        "defaultCode": 59661,
        "grid": 16,
        "attrs": []
      },
      "attrs": [],
      "properties": {
        "ligatures": "image, picture",
        "name": "image",
        "order": 3,
        "id": 14,
        "prevSize": 32,
        "code": 59661
      },
      "setIdx": 0,
      "setId": 1,
      "iconIdx": 13
    },
    {
      "icon": {
        "paths": [
          "M981.188 160.108c-143.632-20.65-302.332-32.108-469.186-32.108-166.86 0-325.556 11.458-469.194 32.108-27.53 107.726-42.808 226.75-42.808 351.892 0 125.14 15.278 244.166 42.808 351.89 143.638 20.652 302.336 32.11 469.194 32.11 166.854 0 325.552-11.458 469.186-32.11 27.532-107.724 42.812-226.75 42.812-351.89 0-125.142-15.28-244.166-42.812-351.892zM384.002 704v-384l320 192-320 192z"
        ],
        "tags": [
          "play",
          "video",
          "movie"
        ],
        "defaultCode": 59666,
        "grid": 16,
        "attrs": []
      },
      "attrs": [],
      "properties": {
        "ligatures": "play, video",
        "name": "play",
        "order": 2,
        "id": 19,
        "prevSize": 32,
        "code": 59666
      },
      "setIdx": 0,
      "setId": 1,
      "iconIdx": 18
    },
    {
      "icon": {
        "width": 1280,
        "paths": [
          "M832 736l96 96 320-320-320-320-96 96 224 224z",
          "M448 288l-96-96-320 320 320 320 96-96-224-224z",
          "M701.298 150.519l69.468 18.944-191.987 704.026-69.468-18.944 191.987-704.026z"
        ],
        "tags": [
          "embed",
          "code",
          "html",
          "xml"
        ],
        "defaultCode": 60032,
        "grid": 16,
        "attrs": []
      },
      "attrs": [],
      "properties": {
        "ligatures": "embed2, code2",
        "name": "embed2",
        "order": 11,
        "id": 385,
        "prevSize": 32,
        "code": 60032
      },
      "setIdx": 0,
      "setId": 1,
      "iconIdx": 384
    },
    {
      "icon": {
        "paths": [
          "M864 704c-45.16 0-85.92 18.738-115.012 48.83l-431.004-215.502c1.314-8.252 2.016-16.706 2.016-25.328s-0.702-17.076-2.016-25.326l431.004-215.502c29.092 30.090 69.852 48.828 115.012 48.828 88.366 0 160-71.634 160-160s-71.634-160-160-160-160 71.634-160 160c0 8.622 0.704 17.076 2.016 25.326l-431.004 215.504c-29.092-30.090-69.852-48.83-115.012-48.83-88.366 0-160 71.636-160 160 0 88.368 71.634 160 160 160 45.16 0 85.92-18.738 115.012-48.828l431.004 215.502c-1.312 8.25-2.016 16.704-2.016 25.326 0 88.368 71.634 160 160 160s160-71.632 160-160c0-88.364-71.634-160-160-160z"
        ],
        "tags": [
          "share",
          "social"
        ],
        "defaultCode": 60034,
        "grid": 16,
        "attrs": []
      },
      "attrs": [],
      "properties": {
        "ligatures": "share2, social",
        "name": "share2",
        "order": 12,
        "id": 387,
        "prevSize": 32,
        "code": 60034
      },
      "setIdx": 0,
      "setId": 1,
      "iconIdx": 386
    },
    {
      "icon": {
        "paths": [
          "M853.342 0h-682.656c-93.874 0-170.686 76.81-170.686 170.69v682.622c0 93.938 76.812 170.688 170.686 170.688h682.656c93.876 0 170.658-76.75 170.658-170.69v-682.62c0-93.88-76.782-170.69-170.658-170.69zM853.342 128c7.988 0 15.546 2.334 22.020 6.342l-363.362 300.404-363.354-300.4c6.478-4.010 14.044-6.346 22.040-6.346h682.656zM170.686 896c-1.924 0-3.82-0.146-5.684-0.408l225.626-312.966-29.256-29.254-233.372 233.37v-611.138l384 464.396 384-464.394v611.136l-233.372-233.37-29.254 29.254 225.628 312.968c-1.858 0.26-3.746 0.406-5.662 0.406h-682.654z"
        ],
        "tags": [
          "mail",
          "contact",
          "support",
          "newsletter",
          "letter",
          "email",
          "envelop",
          "social"
        ],
        "defaultCode": 60036,
        "grid": 16,
        "attrs": []
      },
      "attrs": [],
      "properties": {
        "ligatures": "mail3, contact3",
        "name": "mail2",
        "order": 7,
        "id": 389,
        "prevSize": 32,
        "code": 60036
      },
      "setIdx": 0,
      "setId": 1,
      "iconIdx": 388
    },
    {
      "icon": {
        "paths": [
          "M512 0c-282.8 0-512 229.2-512 512s229.2 512 512 512 512-229.2 512-512-229.2-512-512-512zM519.6 896c-212.2 0-384-171.8-384-384s171.8-384 384-384c103.6 0 190.4 37.8 257.2 100.4l-104.2 100.4c-28.6-27.4-78.4-59.2-153-59.2-131.2 0-238 108.6-238 242.4s107 242.4 238 242.4c152 0 209-109.2 217.8-165.6h-217.8v-131.6h362.6c3.2 19.2 6 38.4 6 63.6 0.2 219.4-146.8 375.2-368.6 375.2z"
        ],
        "tags": [
          "google",
          "brand"
        ],
        "defaultCode": 60042,
        "grid": 16,
        "attrs": []
      },
      "attrs": [],
      "properties": {
        "name": "google3",
        "ligatures": "google3, brand4",
        "order": 10,
        "id": 395,
        "prevSize": 32,
        "code": 60042
      },
      "setIdx": 0,
      "setId": 1,
      "iconIdx": 394
    },
    {
      "icon": {
        "paths": [
          "M325.8 457.4v111.8h184.8c-7.4 48-55.8 140.6-184.8 140.6-111.2 0-202-92.2-202-205.8s90.8-205.8 202-205.8c63.4 0 105.6 27 129.8 50.2l88.4-85.2c-56.8-53-130.4-85.2-218.2-85.2-180.2 0.2-325.8 145.8-325.8 326s145.6 325.8 325.8 325.8c188 0 312.8-132.2 312.8-318.4 0-21.4-2.4-37.8-5.2-54h-307.6z",
          "M1024 448h-96v-96h-96v96h-96v96h96v96h96v-96h96z"
        ],
        "tags": [
          "google-plus",
          "brand",
          "social"
        ],
        "defaultCode": 60043,
        "grid": 16,
        "attrs": []
      },
      "attrs": [],
      "properties": {
        "ligatures": "google-plus, brand5",
        "name": "google-plus",
        "order": 9,
        "id": 396,
        "prevSize": 32,
        "code": 60043
      },
      "setIdx": 0,
      "setId": 1,
      "iconIdx": 395
    },
    {
      "icon": {
        "paths": [
          "M928 0h-832c-52.8 0-96 43.2-96 96v832c0 52.8 43.2 96 96 96h832c52.8 0 96-43.2 96-96v-832c0-52.8-43.2-96-96-96zM384 768c-141.6 0-256-114.4-256-256s114.4-256 256-256c69.2 0 127 25.2 171.6 67l-69.6 66.8c-19-18.2-52.2-39.4-102-39.4-87.4 0-158.8 72.4-158.8 161.6s71.4 161.6 158.8 161.6c101.4 0 139.4-72.8 145.2-110.4h-145.2v-87.8h241.8c2.2 12.8 4 25.6 4 42.4 0 146.4-98 250.2-245.8 250.2zM896 512h-64v64h-64v-64h-64v-64h64v-64h64v64h64v64z"
        ],
        "tags": [
          "google-plus",
          "brand",
          "social"
        ],
        "defaultCode": 60044,
        "grid": 16,
        "attrs": []
      },
      "attrs": [],
      "properties": {
        "ligatures": "google-plus2, brand6",
        "name": "google-plus2",
        "order": 8,
        "id": 397,
        "prevSize": 32,
        "code": 60044
      },
      "setIdx": 0,
      "setId": 1,
      "iconIdx": 396
    },
    {
      "icon": {
        "paths": [
          "M608 192h160v-192h-160c-123.514 0-224 100.486-224 224v96h-128v192h128v512h192v-512h160l32-192h-192v-96c0-17.346 14.654-32 32-32z"
        ],
        "tags": [
          "facebook",
          "brand",
          "social"
        ],
        "defaultCode": 60048,
        "grid": 16,
        "attrs": []
      },
      "attrs": [],
      "properties": {
        "ligatures": "facebook, brand10",
        "name": "facebook",
        "order": 5,
        "id": 401,
        "prevSize": 32,
        "code": 60048
      },
      "setIdx": 0,
      "setId": 1,
      "iconIdx": 400
    },
    {
      "icon": {
        "paths": [
          "M928 0h-832c-52.8 0-96 43.2-96 96v832c0 52.8 43.2 96 96 96h416v-448h-128v-128h128v-64c0-105.8 86.2-192 192-192h128v128h-128c-35.2 0-64 28.8-64 64v64h192l-32 128h-160v448h288c52.8 0 96-43.2 96-96v-832c0-52.8-43.2-96-96-96z"
        ],
        "tags": [
          "facebook",
          "brand",
          "social"
        ],
        "defaultCode": 60049,
        "grid": 16,
        "attrs": []
      },
      "attrs": [],
      "properties": {
        "ligatures": "facebook2, brand11",
        "name": "facebook2",
        "order": 4,
        "id": 402,
        "prevSize": 32,
        "code": 60049
      },
      "setIdx": 0,
      "setId": 1,
      "iconIdx": 401
    },
    {
      "icon": {
        "paths": [
          "M512 92.2c136.8 0 153 0.6 206.8 3 50 2.2 77 10.6 95 17.6 23.8 9.2 41 20.4 58.8 38.2 18 18 29 35 38.4 58.8 7 18 15.4 45.2 17.6 95 2.4 54 3 70.2 3 206.8s-0.6 153-3 206.8c-2.2 50-10.6 77-17.6 95-9.2 23.8-20.4 41-38.2 58.8-18 18-35 29-58.8 38.4-18 7-45.2 15.4-95 17.6-54 2.4-70.2 3-206.8 3s-153-0.6-206.8-3c-50-2.2-77-10.6-95-17.6-23.8-9.2-41-20.4-58.8-38.2-18-18-29-35-38.4-58.8-7-18-15.4-45.2-17.6-95-2.4-54-3-70.2-3-206.8s0.6-153 3-206.8c2.2-50 10.6-77 17.6-95 9.2-23.8 20.4-41 38.2-58.8 18-18 35-29 58.8-38.4 18-7 45.2-15.4 95-17.6 53.8-2.4 70-3 206.8-3zM512 0c-139 0-156.4 0.6-211 3-54.4 2.4-91.8 11.2-124.2 23.8-33.8 13.2-62.4 30.6-90.8 59.2-28.6 28.4-46 57-59.2 90.6-12.6 32.6-21.4 69.8-23.8 124.2-2.4 54.8-3 72.2-3 211.2s0.6 156.4 3 211c2.4 54.4 11.2 91.8 23.8 124.2 13.2 33.8 30.6 62.4 59.2 90.8 28.4 28.4 57 46 90.6 59 32.6 12.6 69.8 21.4 124.2 23.8 54.6 2.4 72 3 211 3s156.4-0.6 211-3c54.4-2.4 91.8-11.2 124.2-23.8 33.6-13 62.2-30.6 90.6-59s46-57 59-90.6c12.6-32.6 21.4-69.8 23.8-124.2 2.4-54.6 3-72 3-211s-0.6-156.4-3-211c-2.4-54.4-11.2-91.8-23.8-124.2-12.6-34-30-62.6-58.6-91-28.4-28.4-57-46-90.6-59-32.6-12.6-69.8-21.4-124.2-23.8-54.8-2.6-72.2-3.2-211.2-3.2v0z",
          "M512 249c-145.2 0-263 117.8-263 263s117.8 263 263 263 263-117.8 263-263c0-145.2-117.8-263-263-263zM512 682.6c-94.2 0-170.6-76.4-170.6-170.6s76.4-170.6 170.6-170.6c94.2 0 170.6 76.4 170.6 170.6s-76.4 170.6-170.6 170.6z",
          "M846.8 238.6c0 33.91-27.49 61.4-61.4 61.4s-61.4-27.49-61.4-61.4c0-33.91 27.49-61.4 61.4-61.4s61.4 27.49 61.4 61.4z"
        ],
        "tags": [
          "instagram",
          "brand",
          "social"
        ],
        "defaultCode": 60050,
        "grid": 16,
        "attrs": []
      },
      "attrs": [],
      "properties": {
        "ligatures": "instagram, brand12",
        "name": "instagram",
        "order": 6,
        "id": 403,
        "prevSize": 32,
        "code": 60050
      },
      "setIdx": 0,
      "setId": 1,
      "iconIdx": 402
    },
    {
      "icon": {
        "paths": [
          "M873 148.8c-95.8-96-223.2-148.8-359-148.8-279.6 0-507.2 227.6-507.2 507.4 0 89.4 23.4 176.8 67.8 253.6l-72 263 269-70.6c74.2 40.4 157.6 61.8 242.4 61.8h0.2c0 0 0 0 0 0 279.6 0 507.4-227.6 507.4-507.4 0-135.6-52.8-263-148.6-359zM514.2 929.6v0c-75.8 0-150-20.4-214.8-58.8l-15.4-9.2-159.6 41.8 42.6-155.6-10-16c-42.4-67-64.6-144.6-64.6-224.4 0-232.6 189.2-421.8 422-421.8 112.6 0 218.6 44 298.2 123.6 79.6 79.8 123.4 185.6 123.4 298.4-0.2 232.8-189.4 422-421.8 422zM745.4 613.6c-12.6-6.4-75-37-86.6-41.2s-20-6.4-28.6 6.4c-8.4 12.6-32.8 41.2-40.2 49.8-7.4 8.4-14.8 9.6-27.4 3.2s-53.6-19.8-102-63c-37.6-33.6-63.2-75.2-70.6-87.8s-0.8-19.6 5.6-25.8c5.8-5.6 12.6-14.8 19-22.2s8.4-12.6 12.6-21.2c4.2-8.4 2.2-15.8-1-22.2s-28.6-68.8-39-94.2c-10.2-24.8-20.8-21.4-28.6-21.8-7.4-0.4-15.8-0.4-24.2-0.4s-22.2 3.2-33.8 15.8c-11.6 12.6-44.4 43.4-44.4 105.8s45.4 122.6 51.8 131.2c6.4 8.4 89.4 136.6 216.6 191.4 30.2 13 53.8 20.8 72.2 26.8 30.4 9.6 58 8.2 79.8 5 24.4-3.6 75-30.6 85.6-60.2s10.6-55 7.4-60.2c-3-5.6-11.4-8.8-24.2-15.2z"
        ],
        "tags": [
          "whatsapp",
          "brand",
          "social"
        ],
        "defaultCode": 60051,
        "grid": 16,
        "attrs": []
      },
      "attrs": [],
      "properties": {
        "name": "whatsapp",
        "ligatures": "whatsapp, brand13",
        "order": 18,
        "id": 404,
        "prevSize": 32,
        "code": 60051
      },
      "setIdx": 0,
      "setId": 1,
      "iconIdx": 403
    },
    {
      "icon": {
        "paths": [
          "M512 0c-281.6 0-512 230.4-512 512s230.4 512 512 512 512-230.4 512-512-227.8-512-512-512zM747.6 739.8c-10.2 15.4-28.2 20.4-43.6 10.2-120.4-74.2-271.4-89.6-450.6-48.6-18 5.2-33.2-7.6-38.4-23-5.2-18 7.6-33.2 23-38.4 194.6-43.6 363.6-25.6 496.6 56.4 18 7.6 20.6 28 13 43.4zM809 599c-12.8 18-35.8 25.6-53.8 12.8-138.2-84.4-348.2-110-509.4-58.8-20.4 5.2-43.6-5.2-48.6-25.6-5.2-20.4 5.2-43.6 25.6-48.6 186.8-56.4 417.2-28.2 576 69.2 15.2 7.6 23 33.2 10.2 51zM814 455.6c-163.8-97.2-437.8-107.6-594-58.8-25.6 7.6-51.2-7.6-58.8-30.8-7.6-25.6 7.6-51.2 30.8-58.8 181.8-53.8 481.2-43.6 670.8 69.2 23 12.8 30.8 43.6 18 66.6-13 17.8-43.6 25.4-66.8 12.6z"
        ],
        "tags": [
          "spotify",
          "brand",
          "social"
        ],
        "defaultCode": 60052,
        "grid": 16,
        "attrs": []
      },
      "attrs": [],
      "properties": {
        "name": "spotify",
        "ligatures": "spotify, brand14",
        "order": 17,
        "id": 405,
        "prevSize": 32,
        "code": 60052
      },
      "setIdx": 0,
      "setId": 1,
      "iconIdx": 404
    },
    {
      "icon": {
        "paths": [
          "M1024 226.4c-37.6 16.8-78.2 28-120.6 33 43.4-26 76.6-67.2 92.4-116.2-40.6 24-85.6 41.6-133.4 51-38.4-40.8-93-66.2-153.4-66.2-116 0-210 94-210 210 0 16.4 1.8 32.4 5.4 47.8-174.6-8.8-329.4-92.4-433-219.6-18 31-28.4 67.2-28.4 105.6 0 72.8 37 137.2 93.4 174.8-34.4-1-66.8-10.6-95.2-26.2 0 0.8 0 1.8 0 2.6 0 101.8 72.4 186.8 168.6 206-17.6 4.8-36.2 7.4-55.4 7.4-13.6 0-26.6-1.4-39.6-3.8 26.8 83.4 104.4 144.2 196.2 146-72 56.4-162.4 90-261 90-17 0-33.6-1-50.2-3 93.2 59.8 203.6 94.4 322.2 94.4 386.4 0 597.8-320.2 597.8-597.8 0-9.2-0.2-18.2-0.6-27.2 41-29.4 76.6-66.4 104.8-108.6z"
        ],
        "tags": [
          "twitter",
          "brand",
          "tweet",
          "social"
        ],
        "defaultCode": 60054,
        "grid": 16,
        "attrs": []
      },
      "attrs": [],
      "properties": {
        "ligatures": "twitter, brand16",
        "name": "twitter",
        "order": 16,
        "id": 407,
        "prevSize": 32,
        "code": 60054
      },
      "setIdx": 0,
      "setId": 1,
      "iconIdx": 406
    },
    {
      "icon": {
        "paths": [
          "M960.8 509c-26.4 6-51.8 8.8-74.8 8.8-129.2 0-228.6-90.2-228.6-247.2 0-77 29.8-116.8 71.8-116.8 40 0 66.6 35.8 66.6 108.6 0 41.4-11 86.8-19.2 113.6 0 0 39.8 69.4 148.6 48.2 23.2-51.4 35.6-117.8 35.6-176 0-156.8-80-248.2-226.6-248.2-150.8 0-239 115.8-239 268.6 0 151.4 70.8 281.2 187.4 340.4-49 98.2-111.4 184.6-176.6 249.8-118-142.8-224.8-333.2-268.6-705h-174.2c80.6 619.2 320.4 816.4 384 854.2 35.8 21.6 66.8 20.6 99.6 2 51.6-29.2 206.2-184 292-365 36 0 79.2-4.2 122.2-14v-122z"
        ],
        "tags": [
          "vine",
          "brand",
          "social"
        ],
        "defaultCode": 60055,
        "grid": 16,
        "attrs": []
      },
      "attrs": [],
      "properties": {
        "name": "vine",
        "ligatures": "vine, brand17",
        "order": 15,
        "id": 408,
        "prevSize": 32,
        "code": 60055
      },
      "setIdx": 0,
      "setId": 1,
      "iconIdx": 407
    },
    {
      "icon": {
        "paths": [
          "M1013.8 307.2c0 0-10-70.6-40.8-101.6-39-40.8-82.6-41-102.6-43.4-143.2-10.4-358.2-10.4-358.2-10.4h-0.4c0 0-215 0-358.2 10.4-20 2.4-63.6 2.6-102.6 43.4-30.8 31-40.6 101.6-40.6 101.6s-10.2 82.8-10.2 165.8v77.6c0 82.8 10.2 165.8 10.2 165.8s10 70.6 40.6 101.6c39 40.8 90.2 39.4 113 43.8 82 7.8 348.2 10.2 348.2 10.2s215.2-0.4 358.4-10.6c20-2.4 63.6-2.6 102.6-43.4 30.8-31 40.8-101.6 40.8-101.6s10.2-82.8 10.2-165.8v-77.6c-0.2-82.8-10.4-165.8-10.4-165.8zM406.2 644.8v-287.8l276.6 144.4-276.6 143.4z"
        ],
        "tags": [
          "youtube",
          "brand",
          "social"
        ],
        "defaultCode": 60061,
        "grid": 16,
        "attrs": []
      },
      "attrs": [],
      "properties": {
        "ligatures": "youtube, brand21",
        "name": "youtube",
        "order": 13,
        "id": 414,
        "prevSize": 32,
        "code": 60061
      },
      "setIdx": 0,
      "setId": 1,
      "iconIdx": 413
    },
    {
      "icon": {
        "paths": [
          "M96 0l-96 160v736h256v128h128l128-128h160l288-288v-608h-864zM832 544l-160 160h-160l-128 128v-128h-192v-576h640v416z",
          "M608 256h96v256h-96v-256z",
          "M416 256h96v256h-96v-256z"
        ],
        "tags": [
          "twitch",
          "brand",
          "social"
        ],
        "defaultCode": 60063,
        "grid": 16,
        "attrs": []
      },
      "attrs": [],
      "properties": {
        "ligatures": "twitch, brand23",
        "name": "twitch",
        "order": 19,
        "id": 416,
        "prevSize": 32,
        "code": 60063
      },
      "setIdx": 0,
      "setId": 1,
      "iconIdx": 415
    },
    {
      "icon": {
        "paths": [
          "M1023.6 274c-4.6 99.6-74.2 236.2-208.8 409.4-139.2 180.8-257 271.4-353.4 271.4-59.6 0-110.2-55-151.4-165.2-27.6-101-55-202-82.6-303-30.6-110.2-63.4-165.2-98.6-165.2-7.6 0-34.4 16.2-80.4 48.2l-48.2-62c50.6-44.4 100.4-88.8 149.4-133.2 67.4-58.2 118-88.8 151.8-92 79.6-7.6 128.8 46.8 147.2 163.4 19.8 125.8 33.6 204 41.4 234.6 23 104.4 48.2 156.6 75.8 156.6 21.4 0 53.6-33.8 96.6-101.6 42.8-67.6 65.8-119.2 69-154.6 6.2-58.4-16.8-87.8-69-87.8-24.6 0-49.8 5.6-75.8 16.8 50.4-164.8 146.4-244.8 288.4-240.2 105 2.8 154.6 71 148.6 204.4z"
        ],
        "tags": [
          "vimeo",
          "brand",
          "social"
        ],
        "defaultCode": 60064,
        "grid": 16,
        "attrs": []
      },
      "attrs": [],
      "properties": {
        "ligatures": "vimeo, brand24",
        "name": "vimeo",
        "order": 20,
        "id": 417,
        "prevSize": 32,
        "code": 60064
      },
      "setIdx": 0,
      "setId": 1,
      "iconIdx": 416
    },
    {
      "icon": {
        "paths": [
          "M928 0h-832c-52.8 0-96 43.2-96 96v832c0 52.8 43.2 96 96 96h832c52.8 0 96-43.2 96-96v-832c0-52.8-43.2-96-96-96zM861.6 340c-3.2 72-53.6 170.6-151 295.8-100.6 130.8-185.8 196.2-255.4 196.2-43.2 0-79.6-39.8-109.4-119.4-20-73-39.8-146-59.8-219-22-79.6-45.8-119.4-71.2-119.4-5.6 0-25 11.6-58 34.8l-34.8-44.8c36.6-32 72.6-64.2 108-96.2 48.8-42 85.2-64.2 109.6-66.4 57.6-5.6 93 33.8 106.4 118 14.4 91 24.4 147.4 30 169.6 16.6 75.4 34.8 113 54.8 113 15.4 0 38.8-24.4 69.8-73.4s47.6-86.2 49.8-111.8c4.4-42.2-12.2-63.4-49.8-63.4-17.8 0-36 4-54.8 12.2 36.4-119 105.8-177 208.4-173.6 76 2.2 111.8 51.4 107.4 147.8z"
        ],
        "tags": [
          "vimeo",
          "brand",
          "social"
        ],
        "defaultCode": 60065,
        "grid": 16,
        "attrs": []
      },
      "attrs": [],
      "properties": {
        "ligatures": "vimeo2, brand25",
        "name": "vimeo2",
        "order": 21,
        "id": 418,
        "prevSize": 32,
        "code": 60065
      },
      "setIdx": 0,
      "setId": 1,
      "iconIdx": 417
    },
    {
      "icon": {
        "paths": [
          "M928 0h-832c-52.8 0-96 43.2-96 96v832c0 52.8 43.2 96 96 96h832c52.8 0 96-43.2 96-96v-832c0-52.8-43.2-96-96-96zM822.4 768.8l-348.4 114c-79.6 26-87.6 21.8-123.6-89.6l-88-272.6c-21-64.6-85-238.6-95.8-272-20-62-20-65.4 97-103.4 91.6-30 95.4-29 128.6 74.4 26.8 83.2 44 150.4 71.6 235.4l75 232 239.6-78.4c47.2-15.6 63-14.8 76.4 43.4l9.6 44c11.2 51-14.6 64-42 72.8z"
        ],
        "tags": [
          "lanyrd",
          "brand"
        ],
        "defaultCode": 60066,
        "grid": 16,
        "attrs": []
      },
      "attrs": [],
      "properties": {
        "ligatures": "lanyrd, brand26",
        "name": "lanyrd",
        "order": 22,
        "id": 419,
        "prevSize": 32,
        "code": 60066
      },
      "setIdx": 0,
      "setId": 1,
      "iconIdx": 418
    },
    {
      "icon": {
        "paths": [
          "M576.032 448l-0.002 234.184c0 59.418-0.77 93.656 5.53 110.5 6.25 16.754 21.918 34.146 38.99 44.202 22.684 13.588 48.542 20.376 77.708 20.376 51.854 0 82.478-6.848 133.742-40.54v153.944c-43.7 20.552-81.866 32.594-117.324 40.922-35.5 8.242-73.86 12.406-115.064 12.406-46.828 0-74.456-5.886-110.41-17.656-35.958-11.868-66.66-28.806-92.020-50.54-25.45-21.922-43.022-45.208-52.848-69.832-9.826-24.636-14.716-60.414-14.716-107.244v-359.1h-137.426v-145.006c40.208-13.042 85.164-31.788 113.78-56.152 28.754-24.45 51.766-53.706 69.106-87.944 17.392-34.146 29.348-77.712 35.872-130.516h165.084l-0.002 255.996h255.968v192h-255.968z"
        ],
        "tags": [
          "tumblr",
          "brand",
          "social"
        ],
        "defaultCode": 60089,
        "grid": 16,
        "attrs": []
      },
      "attrs": [],
      "properties": {
        "ligatures": "tumblr, brand49",
        "name": "tumblr",
        "order": 28,
        "id": 442,
        "prevSize": 32,
        "code": 60089
      },
      "setIdx": 0,
      "setId": 1,
      "iconIdx": 441
    },
    {
      "icon": {
        "paths": [
          "M928 0h-832c-52.8 0-96 43.2-96 96v832c0 52.8 43.2 96 96 96h832c52.8 0 96-43.2 96-96v-832c0-52.8-43.2-96-96-96zM731.8 824.6c-30.2 14.2-57.6 24.2-82 30-24.4 5.6-51 8.6-79.4 8.6-32.4 0-51.4-4-76.2-12.2s-46-19.8-63.6-34.8c-17.6-15.2-29.6-31.2-36.4-48.2s-10.2-41.6-10.2-74v-247.8h-96v-100c27.8-9 60-22 79.6-38.8 19.8-16.8 35.8-37 47.6-60.6 12-23.6 20.2-53.6 24.8-90h100.4v163.2h163.6v126.2h-163.4v181.2c0 41-0.6 64.6 3.8 76.2s15.2 23.6 27 30.4c15.6 9.4 33.6 14 53.6 14 35.8 0 71.4-11.6 106.8-34.8v111.4z"
        ],
        "tags": [
          "tumblr",
          "brand",
          "social"
        ],
        "defaultCode": 60090,
        "grid": 16,
        "attrs": []
      },
      "attrs": [],
      "properties": {
        "ligatures": "tumblr2, brand50",
        "name": "tumblr2",
        "order": 27,
        "id": 443,
        "prevSize": 32,
        "code": 60090
      },
      "setIdx": 0,
      "setId": 1,
      "iconIdx": 442
    },
    {
      "icon": {
        "paths": [
          "M425.6 37.4c-1.6-1-3.4-1.8-5-2.6-1.8 0.4-3.4 0.6-5.2 1l10.2 1.6z",
          "M36.8 421c-0.4 1.8-0.6 3.6-0.8 5.2 1 1.6 1.6 3.2 2.6 4.8l-1.8-10z",
          "M986.8 602.6c0.4-1.8 0.6-3.6 1-5.4-1-1.6-1.6-3.2-2.6-4.8l1.6 10.2z",
          "M592 983c1.6 1 3.4 1.8 5 2.6 1.8-0.4 3.6-0.6 5.4-0.8l-10.4-1.8z",
          "M987.8 597.2c-0.4 1.8-0.6 3.6-1 5.4l-1.8-10.4c1 1.8 1.8 3.4 2.8 5 5.2-28.8 8-58.2 8-87.6 0-65.2-12.8-128.6-38-188.2-24.4-57.6-59.2-109.4-103.6-153.8s-96.2-79.2-153.6-103.6c-59.6-25.2-123-38-188.2-38-30.8 0-61.6 2.8-91.6 8.6 0 0-0.2 0-0.2 0 1.6 0.8 3.4 1.6 5 2.6l-10.2-1.6c1.8-0.4 3.4-0.6 5.2-1-41.2-21.8-87.4-33.6-134.2-33.6-76.4 0-148.4 29.8-202.4 83.8s-83.8 126-83.8 202.4c0 48.6 12.6 96.6 36 138.8 0.4-1.8 0.6-3.6 0.8-5.2l1.8 10.2c-1-1.6-1.8-3.2-2.6-4.8-4.8 27.4-7.2 55.4-7.2 83.4 0 65.2 12.8 128.6 38 188.2 24.4 57.6 59.2 109.2 103.6 153.6s96.2 79.2 153.8 103.6c59.6 25.2 123 38 188.2 38 28.4 0 56.8-2.6 84.6-7.6-1.6-1-3.2-1.8-5-2.6l10.4 1.8c-1.8 0.4-3.6 0.6-5.4 0.8 42.8 24.2 91.4 37.2 140.8 37.2 76.4 0 148.4-29.8 202.4-83.8s83.8-126 83.8-202.4c-0.2-48.6-12.8-96.6-36.4-139.2zM514.2 805.8c-171.8 0-248.6-84.4-248.6-147.8 0-32.4 24-55.2 57-55.2 73.6 0 54.4 105.6 191.6 105.6 70.2 0 109-38.2 109-77.2 0-23.4-11.6-49.4-57.8-60.8l-152.8-38.2c-123-30.8-145.4-97.4-145.4-160 0-129.8 122.2-178.6 237-178.6 105.8 0 230.4 58.4 230.4 136.4 0 33.4-29 52.8-62 52.8-62.8 0-51.2-86.8-177.6-86.8-62.8 0-97.4 28.4-97.4 69s49.6 53.6 92.6 63.4l113.2 25.2c123.8 27.6 155.2 100 155.2 168 0 105.4-81 184.2-244.4 184.2z"
        ],
        "tags": [
          "skype",
          "brand",
          "social"
        ],
        "defaultCode": 60101,
        "grid": 16,
        "attrs": []
      },
      "attrs": [],
      "properties": {
        "ligatures": "skype, brand60",
        "name": "skype",
        "order": 24,
        "id": 454,
        "prevSize": 32,
        "code": 60101
      },
      "setIdx": 0,
      "setId": 1,
      "iconIdx": 453
    },
    {
      "icon": {
        "paths": [
          "M512 68.4c-245 0-443.6 198.6-443.6 443.6 0 188 117 348.4 282 413-3.8-35-7.4-89 1.6-127.2 8-34.6 52-220.4 52-220.4s-13.2-26.6-13.2-65.8c0-61.6 35.8-107.8 80.2-107.8 37.8 0 56.2 28.4 56.2 62.4 0 38-24.2 95-36.8 147.6-10.6 44.2 22 80.2 65.6 80.2 78.8 0 139.4-83.2 139.4-203.2 0-106.2-76.4-180.4-185.2-180.4-126.2 0-200.2 94.6-200.2 192.6 0 38.2 14.6 79 33 101.2 3.6 4.4 4.2 8.2 3 12.8-3.4 14-10.8 44.2-12.4 50.4-2 8.2-6.4 9.8-14.8 6-55.4-25.8-90-106.8-90-171.8 0-140 101.6-268.4 293-268.4 153.8 0 273.4 109.6 273.4 256.2 0 152.8-96.4 276-230.2 276-45 0-87.2-23.4-101.6-51 0 0-22.2 84.6-27.6 105.4-10 38.6-37 86.8-55.2 116.2 41.6 12.8 85.6 19.8 131.4 19.8 245 0 443.6-198.6 443.6-443.6 0-245.2-198.6-443.8-443.6-443.8z"
        ],
        "tags": [
          "pinterest",
          "brand",
          "social"
        ],
        "defaultCode": 60113,
        "grid": 16,
        "attrs": []
      },
      "attrs": [],
      "properties": {
        "name": "pinterest",
        "ligatures": "pinterest, brand72",
        "order": 25,
        "id": 466,
        "prevSize": 32,
        "code": 60113
      },
      "setIdx": 0,
      "setId": 1,
      "iconIdx": 465
    },
    {
      "icon": {
        "paths": [
          "M512 0c-282.4 0-512 229.6-512 512s229.6 512 512 512 512-229.6 512-512-229.6-512-512-512zM512 955.6c-45.8 0-89.8-7-131.4-19.8 18-29.4 45.2-77.8 55.2-116.2 5.4-20.8 27.6-105.4 27.6-105.4 14.4 27.6 56.8 51 101.6 51 133.8 0 230.2-123 230.2-276 0-146.6-119.6-256.2-273.4-256.2-191.4 0-293 128.6-293 268.4 0 65 34.6 146 90 171.8 8.4 4 12.8 2.2 14.8-6 1.4-6.2 9-36.2 12.4-50.4 1-4.4 0.6-8.4-3-12.8-18.4-22.2-33-63.2-33-101.2 0-97.8 74-192.6 200.2-192.6 109 0 185.2 74.2 185.2 180.4 0 120-60.6 203.2-139.4 203.2-43.6 0-76.2-36-65.6-80.2 12.6-52.8 36.8-109.6 36.8-147.6 0-34-18.2-62.4-56.2-62.4-44.6 0-80.2 46-80.2 107.8 0 39.2 13.2 65.8 13.2 65.8s-44 185.8-52 220.4c-9 38.4-5.4 92.2-1.6 127.2-165-64.4-282-224.8-282-412.8 0-245 198.6-443.6 443.6-443.6s443.6 198.6 443.6 443.6c0 245-198.6 443.6-443.6 443.6z"
        ],
        "tags": [
          "pinterest",
          "brand",
          "social"
        ],
        "defaultCode": 60114,
        "grid": 16,
        "attrs": []
      },
      "attrs": [],
      "properties": {
        "ligatures": "pinterest2, brand73",
        "name": "pinterest2",
        "order": 26,
        "id": 467,
        "prevSize": 32,
        "code": 60114
      },
      "setIdx": 0,
      "setId": 1,
      "iconIdx": 466
    },
    {
      "icon": {
        "paths": [
          "M930 308.6c-47.8 212.2-195.4 324.2-428 324.2h-77.4l-53.8 341.6h-64.8l-3.4 22c-2.2 14.6 9 27.6 23.6 27.6h165.6c19.6 0 36.2-14.2 39.4-33.6l1.6-8.4 31.2-197.8 2-10.8c3-19.4 19.8-33.6 39.4-33.6h24.6c160.4 0 286-65.2 322.8-253.6 13.8-71.6 8.6-132.4-22.8-177.6z",
          "M831 77.2c-47.4-54-133.2-77.2-242.8-77.2h-318.2c-22.4 0-41.6 16.2-45 38.4l-132.6 840.4c-2.6 16.6 10.2 31.6 27 31.6h196.6l49.4-313-1.6 9.8c3.4-22.2 22.4-38.4 44.8-38.4h93.4c183.4 0 327-74.4 369-290 1.2-6.4 2.4-12.6 3.2-18.6 12.4-79.6 0-134-43.2-183z"
        ],
        "tags": [
          "paypal",
          "brand",
          "donate"
        ],
        "defaultCode": 60120,
        "grid": 16,
        "attrs": []
      },
      "attrs": [],
      "properties": {
        "ligatures": "paypal, brand79",
        "name": "paypal",
        "codes": [
          61234
        ],
        "order": 23,
        "id": 473,
        "prevSize": 32,
        "code": 60120
      },
      "setIdx": 0,
      "setId": 1,
      "iconIdx": 472
    }
  ],
  "height": 1024,
  "metadata": {
    "name": "icomoon"
  },
  "preferences": {
    "showGlyphs": true,
    "showQuickUse": true,
    "showQuickUse2": true,
    "showSVGs": true,
    "fontPref": {
      "prefix": "icon-",
      "metadata": {
        "fontFamily": "icomoon"
      },
      "metrics": {
        "emSize": 1024,
        "baseline": 6.25,
        "whitespace": 50
      },
      "embed": false
    },
    "imagePref": {
      "prefix": "icon-",
      "png": true,
      "useClassSelector": true,
      "color": 0,
      "bgColor": 16777215,
      "classSelector": ".icon"
    },
    "historySize": 50,
    "showCodes": true,
    "gridSize": 16
  }
}